orig,read,kind
@magazine,アットマ’ガジン,4
@キャプチャ,アットキャ’プチャ,4
@コントローラ,アットコントロ’ーラ,4
@スイッチ,アットスイ’ッチ,4
@ブラウザ,アットブラ’ウザ,4
@メール,アットメ’ール,4
@メニュー,アットメ’ニュー,4
@映像館,アットエーゾ’ーカン,4
@拡大ツール,アットカクダイツ’ール,1
@料金表示,アットリョーキンヒョ’ージ,4
administrator,アドミニストレ’ーター,1
administrators,アドミニストレ’ーターズ,1
animo,ア’ニモ,4
azby,ア’ズビー,4
azbyclub,アズビーク’ラブ,4
biblo,ビ’ブロ,4
biglobe,ビッグロ’ーブ,4
celeron,セ’レロン,4
computer’s,コンピュ’ーターズ,1
crusoe,クル’ーソー,4
drag’n,ドラッグン,1
dvd,ディーブイディ’ー,1
finespeech,ファインスピ’ーチ,4
finespeech2,ファインスピ’ーチ＿ツ’ー,4
hiーho,ハ’イホー,4
intacta,インタ’クタ,4
intellisync,インテリシ’ンク,4
juke,ジューク,1
keiko,ケ’イコ,1
limited,リ’ミテッド,1
loox,ル’ークス,4
magictv,マジックティーブ’イ,1
motiondv,モーションディーブ’イ,4
netscape,ネットスケ’ープ,4
oricon,オリコン,4
pentium,ペ’ンティアム,4
pliche,プ’リシェ,4
q&a,キューアンドエ’ー,1
readme,リードミ’ー,1
sanrio,サンリオ,4
shogakukan,ショーガ’クカン,4
soーnet,ソ’ネット,4
softex,ソフテ’ックス,4
soho’s,ソ’ーホーズ,1
takashi,タ’カシ,1
telephony,テ’レフォニー,1
transmeta,トランスメ’タ,4
ttnet,ティーティーネ’ット,4
なっとく,ナットク,6
なんば,ナ’ンバ,5
はーときゃんばす,ハートキャ’ンバス,4
ぱれっと君,パ’レットクン,4
まいと~く,マイト’ーク,4
らくらく写真館,ラクラクシャシ’ンカン,4
タスクバー,タスクバ’ー,1
ドット,ドット,1
リカバリ,リカバリ,6
眼の助,ガンノスケ,4
魚座,ウオザ,1
降水確率,コースイカ’クリツ,1
常時接続,ジョージセ’ツゾク,6
水瓶座,ミズガメザ,1
声の高さ,コ’エノ＿タ’カサ,1
筆ぐるめ,フデグ’ルメ,4
python,パ’イソン,4
nyanchan,ニャ’ンチャン,4
info,イ’ンフォ,4
queue,キュ’ー,4
google,グ’ーグル,4
chrome,クロ’ーム,4
git,ギ’ット,4
gitignore,ギットイグノ’ア,4
falcon,ファ’ルコン,4
addons,アッドオ’ンズ,4
見出し,ミダ’シ,1
bool,ブ’ール,4
int,イ’ント,4
unsigned,アンサ’インド,4
xeon,ジ’ーオン,4
kubernetes,クーバネ’テス,4
recreate,リク’リエート,4
recreating,リクリエ’ーティング,4
direnv,ダーエ’ンブ,4
braille,ブレ’イル,4
skype,スカ’イプ,4
vscode,ブイエスコ’ード,4
locale,ロケ’ール,4
atok,エ’イトック,4
gmail,ジーメ’イル,4
deletion,デリ’ーション,4
deletions,デリ’ーションズ,4
insertion,インサ’ーション,4
insertions,インサ’ーションズ,4
pc-talker,ピーシート’ーカー,4
pctalker,ピーシート’ーカー,4
reused,リユ’ーズド,4
com,コ’ム,4
nexus,ネ’クサス,4
komplete,コンプリ’ート,4
kontakt,コ’ンタクト,4
oculus,オ’キュラス,4
typo,タ’イポ,4
hash,ハ’ッシュ,4
mozilla,モ’ジラ,4
adobe,アドビ’,4
tweet,ツイ’ート,4
tweeted,ツイ’ーテッド,4
tweets,ツイ’ーツ,4
twitter,ツイッター,4
tween,ツイ’ーン,4
twblue,ティーダブリューブ’ルー,4
itmedia,アイティーメ’ディア,4
tmedia,ティーメ’ディア,4
template,テンプレ’ート,1
manamon,マ’ナモン,4
decrypt,デクリ’プト,4
encrypt,エンクリ’プト,4
steinburg,スタインバ’ーグ,4
generating,ジェネレ’ーティング,4
contributor,コントリビュ’ーター,4
contributors,コントリビュ’ーターズ,4
qiita,キ’イタ,4
twain,トゥエ’イン,4
pixel,ピ’クセル,4
twitcasting,ツイットキャ’スティング,4
twit,ツイ'ット,4
merge,マ’ージ,4
merging,マ’ージング,4
merged,マ’ージド,4
abort,アボ’ート,4
tracked,トラ’ックト,4
untracked,アントラ’ックト,4
unstage,アンステ’ージ,4
is,イ’ズ,4
felica,フェ’リカ,4
wifi,ワイファイ’,4
sata,サタ,4
covid,コ’ビッド,4
huawei,ハ’ーウェイ,4
raspberry,ラ’ズベリー,4
radion,レ’イディオン,4
dtalker,ディート’ーカー,4
talker,ト’ーカー,4
perkins,パ’ーキンス,4
zip,ジップ’,1
ubuntu,ウブ’ントゥ,4
asterisk,アスタリ’スク,4
kitaca,キ’タカ,4
suica,ス’イカ,4
pasmo,パ’スモ,4
toica,ト’イカ,4
manaca,マ’ナカ,4
icoca,イ’コカ,4
nimoca,ニ’モカ,4
vocaloid,ボーカロ’イド,4
indent,インデ’ント,1
increment,イ’ンクリメント,1
再読み込み,サイヨ’ミコミ,1
append,アペ’ンド,1
radiko,ラ’ジコ,4
tsukuba,ツ’クバ,5
dict,ディ’クト,4
var,バ’ー,4
const,コ’ンスト,4
as,ア’ズ,4
lambda,ラ’ムダ,4
stat,スタ’ット,4
func,ファ’ンク,4
char,チャ’ー,4
nodejs,ノードジェーエ’ス,4
sudo,スードゥ’ー,4
dev,デ’ブ,4
sars,サ’ーズ,4
cortana,コルタナ’,4
folder,フォ’ルダー,1
email,イーメ’ール,1
sizer,サ’イザー,4
util,ユ’ーティル,1
peing,ペ’イング,4
recursive,リカ’ーシブ,4
admin,ア’ドミン,4
apache,アパ’ッチ,4
perl,パ’ール,4
kotlin,コ’トリン,4
repository,リポジ’トリー,1
repositories,リポジ’トリーズ,4
validate,バリデ’ート,4
validation,バリデ’ーション,4
parsed,パ’ースト,4
app,ア’ップ,1
paren,パ’ーレン,1
dependencies,ディペ’ンデンシーズ,1
dependency,ディペ’ンデンシー,4
rename,リネ’イム,4
deprecated,デプリケ’ーテッド,4
deprecation,デプリケ’ーション,4
argo,ア’ルゴ,4
args,ア’ーグス,4
ops,オ’プス,4
mysql,マイエスキューエ’ル,4
mysqldump,マイエスキューエルダ’ンプ,4
mysqlcheck,マイエスキューエルチェ’ック,4
wikipedia,ウィキペ’ディア,4
debian,デ’ビアン,4
wiki,ウィ’キ,4
sakura,サクラ,4
lolipop,ロリポ’ップ,4
goo辞書,グージ’ショ,4
理教連,リキョ’ーレン,4
nginx,エンジンエ’ックス,4
temp,テ’ンプ,1
colon,コ’ロン,1
at,ア’ット,1
caret,キャ’レット,1
graav,グラ’ーブ,1
tilda,チ’ルダ,1
macron,マ’クロン,1
triangular,トライア’ングラー,1
foo,フ’ー,1
foobar,フ’ーバー,4
customize,カ’スタマイズ,4
moodle,ム’ードル,4
読み込み中,ヨミコミチュー’,1
fiddler,フィ’ドラー,4
cygwin,シ’グウィン,4
理療科,リリョーカ’,1
retweet,リツイ’ート,4
retweeted,リツイ’ーテッド,4
retweets,リツイ’ーツ,4
docs,ド’ックス,4
archive,アーカ’イブ,4
archived,アーカ’イブド,4
lint,リ’ント,4
linting,リ’ンティング,4
linter,リ’ンター,4
eslint,イーエスリ’ント,4
bash,バ’ッシュ,4
fluffy,フラ’ッフィー,4
kochi,コ’ーチ,4
cubase,キュ’ーベース,4
updater,アップデ’ーター,4
segfault,セグフォ’ールト,4
sigterm,シグタ’ーム,4
sigquit,シグクイ’ット,4
sigint,シグイ’ント,4
sigkill,シグキ’ル,4
crafting,クラ’フティング,4
platforming,プラットフォ’ーミング,4
unbelievably,アンビリ’ーバブリー,4
who,フ’ー,4
glitch,グリ’ッチ,4
glitches,グリ’ッチズ,4
demo,デ’モ,4
retro,レ’トロ,4
vale,ベ’イル,4
dreamy,ドリ’ーミー,4
shadowrine,シャド’ウライン,4
xbox,エック’スボックス,4
tera,テ’ラ,4
entitlements,エンタ’イトルメンツ,4
darwin,ダ’ーウィン,4
rebuilding,リビ’ルディング,4
dist,ディ’スト,4
pyinstaller,パイインスト’ーラー,4
identifier,アイデ’ンティファイアー,4
binaries,バ’イナリーズ,4
generated,ジェネレ’ーティッド,4
executable,エクゼキュ’ータブル,4
irrelevant,イリ’レバント,4
specified,スペ’シファイド,4
晴眼者,セイガ’ンシャ,1
unread, アンレ’ッドゥ,4
notifier,ノーティファ’イアー,4
pokemon,ポケ’モン,4
rec,レ’ック,4
retrieve,リトリ’ーブ,4
retrieved,リトリ’ーブド,4
vmware,ブイエムウェ’アー,4
fortnite,フォ’ートナイト,4
scify,サイファイ,4
randomly,ラ’ンダムリー,4
disconnect,ディスコネ’クト,4
disconnects,ディスコネ’クツ,4
disconnecting,ディスコネ’クティング,4
incremental,インクリメ’ンタル,4
mush,マ’ッシュ,4
ninja,ニ’ンジャ,4
okay,オ’ーケイ,4
tutorial,チュート’リアル,4
authentication,オーセンティケ’ーション,4
authenticated,オーセンティケ’ーテッド,4
authenticating,オーセンティケ’ーティング,4
authenticate,オーセンティケ’ート,4
authenticator,オーセンティケ’ーター,4
credential,クレデ’ンシャル,4
credentials,クレ’デンシャルズ,4
specify,スペ’シファイ,4
specification,スペシフィケ’ーション,4
notarization,ノータライゼ’ーション,4
notarize,ノータラ’イズ,4
notarizing,ノータラ’イジング,4
notarized,ノータラ’イズド,4
handler,ハ’ンドラー,4
unhandled,アンハ’ンドルド,4
me,ミ’ー,4
init,イ’ニット,4
vars,バ’ーズ,4
was,ワ’ズ,4
reflog,リフロ’グ,4
rebase,リベ’ース,4
rebasing,リベ’ーシング,4
rebased,リベ’ースド,4
pointer,ポイ’ンター,4
手札,テ’フダ,4
ctypes,シータ’イプス,4
println,プリ’ント＿エルエ’ヌ,4
printf,プリ’ント＿エ’フ,4
sprintf,エ’ス＿プリ’ント＿エ’フ,4
emacs,イ’ーマックス,4
un,ア’ン,4
poedit,ピーオーエディ’ット,4
wxpython,ダブルユーエックスパ’イソン,4
py,パ’イ,4
大雑把,オーザ’ッパ,4
aquestalk,アクエスト’ーク,4
dectalk,デクト’ーク,4
json,ジェ’イソン,4
ひな形,ヒナガタ,4
struct,ストラ’クト,4
def,デ’フ,4
docker,ド’ッカー,4
stash,スタ’ッシュ,4
applicable,アプリ’カブル,4
changer,チェ’ンジャー,4
inflection,インフレ’クション,4
numeric,ニューメ’リック,4
espeak,イ’ースピーク,4
veior,ベ’アー,4
行頭,ギョートー,4
英数,エイス’ー,4
iostream,アイオーストリ’ーム,4
revert,リバ’ート,4
reverted,リバ’ーテッド,4
reverting,リバ’ーティング,4
reverts,リバ’ーツ,4
bot,ボ’ット,4
bots,ボ’ッツ,4
toggle,ト’グル,4
toggled,ト’グルド,4
tentris,テ’ントリス,4
psychic,サ’イキック,4
siren,サ’イレン,4
salutation,サリューテ’ーション,4
boxer,ボ’クサー,4
alchemist,アルケミ’スト,4
sucker,サ’ッカー,4
posture,ポ’スチャー,4
yeti,イ’エティ,4
momentum,モーメ’ンタム,4
nostalgic,ノスタ’ルジック,4
spectral,スペ’クトラル,4
ephemeral,エ’フェメラル,4
elixir,エリ’クサー,4
environmental,エンバイロンメ’ンタル,4
mace,メ’イス,4
squall,スコ’ール,4
renegade,リネゲ’ード,4
brawler,ブロ’ーラー,4
golem,ゴ’ーレム,4
kraken,クラ’ーケン,4
fang,ファ’ング,4
tentacle,テ’ンタクル,4
nightmarish,ナイトマ’リッシュ,4
mantis,マ’ンティス,4
disappearance,ディスアピ’アランス,4
ideation,アイディエ'ーション,4
generate,ジェネレ’ート,4
magical,マ’ジカル,4
mutuality,ミューチャ’リティー,4
indemnity,インデム’ニティー,4
herbivorous,ハ’ービボラス,4
heuristics,ヒューリ’スティクス,4
heuristical,ヒューリ’スティカル,4
allocator,アロケ’ーター,4
destructor,デストラ’クター,4
emplace,エンプレ’イス,4
erase,イレ’イズ,4
erased,イレ’イスド,4
erasing,イレ’イシング,4
optimize,オプティマ’イズ,4
optimized,オプティマ’イズド,4
optimizable,オプティマ’イザブル,4
optimizing,オプティマ’イジング,4
optimization,オプティミゼ’ーション,4
customized,カスタマ’イズド,4
rehash,リハッシュ,4
rehashed,リハ’ッシュド,4
iterator,イテレ’ーター,4
iterators,イテレ’ーターズ,4
initializer,イニシャラ’イザー,4
initializes,イニシャラ’イジズ,4
initialization,イニシャライゼ’ーション,4
suffix,サフィ’ックス,4
suffixed,サフィ’ックスド,4
parse,パ’ース,4
assignee,アサ’イニー,4
assignees,アサ’イニーズ,4
youtuber,ユーチュ’ーバー,4
reset,リセ’ット,4
resetting,リセ’ッティング,4
dis,ディ’ス,4
decompile,デコンパ’イル,4
decompiling,デコンパ’イリング,4
decompiler,デコンパ’イラー,4
gamers,ゲ’ーマーズ,4
disney,ディ’ズニー,4
refactor,リファ’クター,4
refactored,リファ’クタード,4
refactoring,リファ’クタリング,4
projectile,プロジェクタ’イル,4
currently,カ’レントリー,4
alexa,アレ’クサ,4
chromium,クロミ’ウム,4
redirect,リダ’イレクト,4
redirecting,リダ’イレクティング,4
redirected,リダ’イレクテッド,4
redirectional,リダ’イレクショナル,4
iterate,イテレ’ート,4
iteration,イテレ’ーション,4
psycho,サ’イコ,4
intimidation,インティ’ミデーション,4
constraint,コンストレ’イント,4
constraints,コンストレ’インツ,4
troll,トロ’ール,4
trolling,トロ’ーリング,4
trolled,トロ’ールド,4
climatology,クリマト’ロジー,4
roost,ル’ースト,4
dinosaur,ダ’イナソー,4
dinosaurs,ダ’イナソーズ,4
electrification,エレクトリフィケ’ーション,4
thrower,スロ’ーワー,4
antidote,アンチド’ート,4
ivity,イ’ビティー,4
basilisk,バシリ’スク,4
genesis,ジェ’ネシス,4
amnesia,アムニ’ージア,4
envision,エンビ’ジョン,4
reminder,リマ’インダー,4
openal,オ’ープン＿エーエ’ル,4
opencv,オ’ープン＿シーブ’イ,4
openssl,オ’ープン＿エスエスエ’ル,4
openssh,オ’ープン＿エスエスエ’イチ,4
jtalk,ジェート’ーク,4
複数行,フクス’ーギョー,4
logger,ロ’ガー,4
oppressive,オプレ’ッシブ,4
alias,エ’イリアス,4
param,パ’ラム,4
env,エ’ンブ,4
browser,ブラウザー,4
quiz,ク’イズ,4
arg,ア’ーグ,4
opt,オ’プト,4
natively,ネ’ーティブリー,4
住信,スミ’シン,4
boost,ブ’ースト,4
cybozu,サ’イボウズ,4
freee,フリ’ー,4
moppy,モッ’ピー,4
slime,スラ’イム,4
slimes,スラ’イムズ,4
implementation,インプリメンテ’ーション,4
valid,バ’リッド,4
browsers,ブラ’ウザーズ,4
awesome,オ’ーサム,4
infinity,インフィ’ニティー,4
求む,モト’ム,4
vim,ビ’ム,4
xampp,ザ’ンプ,4
kommufa,コ’ミュファ,4
tiktok,ティックト’ック,4
instagram,インスタグ’ラム,4
uber,ウ’ーバー,4
fripflop,フリップフロ’ップ,4
櫻子,サクラ’コ,4
髙橋,タカ’ハシ,4
山﨑,ヤマザキ,4
真梨子,マ’リコ,4
由衣,ユ’イ,4
zard,ザ’ード,4
timez,タ’イムズ,4
majik,マ’ジック,4
mongol,モ’ンゴル,4
fantastics,ファンタスティ’クス,4
juliet,ジュ’リエット,4
stalin,スタ’ーリン,4
groovers,グル’ーバーズ,4
judy,ジュ’ディー,4
deactivate,ディアクティベ’ート,4
deactivated,ディアクティベ’ーテッド,4
deactivating,ディアクティベ’ーティング,4
deactivation,ディアクティベ’ーション,4
bulleted,ビュ’レッティッド,4
footer,フ’ッター,4
extern,エクスタ’ーン,4
functionality,ファンクショナ’リティー,4
functionalities,ファンクショナ’リティーズ,4
specifies,スペ’シファイズ,4
linker,リ’ンカー,4
linkers,リ’ンカーズ,4
boolean,ブ’ーリアン,4
switcher,スイ’ッチャー,4
avatar,ア’バター,4
signer,サ’イナー,4
descriptive,デスクリ’プティブ,4
grizzly,グリ’ズリー,4
redemption,リデ’ンプション,4
activate,アクティベ’ート,4
activation,アクティベ’ーション,4
activating,アクティベ’ーティング,4
activated,アクティベ’ーティッド,4
activatable,アクティベ’ータブル,4
drummer,ドラ’マー,4
anker,ア’ンカー,4
becky,ビ’ッキー,4
bytes,バ’イツ,4
certification,サーティフィケ’ーション,4
certifications,サーティフィケ’ーションズ,4
certified,サ’ーティファイド,4
codec,コ’ーデック,4
configurator,コンフィギュレ’ーター,4
connpass,コ’ンパス,4
embedded,エ’ンベディッド,4
ffmpeg,エフエフエ’ムペグ,4
jpcert,ジェーピーサ’ート,4
kctalker,ケーシート’ーカー,4
kyash,キャ’ッシュ,4
libreoffice,リブレオ’フィス,4
lite,ラ’イト,4
locales,ロケ’ールズ,4
localization,ローカリゼ’ーション,4
maximized,マクシマ’イズド,4
maxmize,マクシマ’イズ,4
maxmizing,マクシマ’イジング,4
minimize,ミニマ’イズ,4
minimized,ミニマ’イズド,4
minimizing,ミニマ’イジング,4
oauth,オーオ’ース,4
patcher,パ’ッチャー,4
portal,ポ’ータル,4
realtek,リアルテ’ック,4
replacement,リプレ’ースメント,4
spotify,スポ’ティファイ,4
vivaldi,ビバ’ルディ,4
vtuber,ブイチュ’ーバー,4
xperia,エクスペ’リア,4
尚更,ナオサラ,7
深爪,フカヅメ,1
有言実行,ユーゲン＿ジッコー,1
integrate,インテグレ’ート,4
integrating,インテグレ’ーティング,4
proto,プ’ロト,4
synthesis,シ’ンセシス,4
concatenated,コンカティネ’ーティッド,4
concatenate,コンカティネ’ート,4
concatenation,コンカティネ’ーション,4
concatenating,コンカティネ’ーティング,4
redistribution,リディストリビュ’ーション,4
redistribute,リディストリビュ’ート,4
redistributed,リディストリビュ’ーティッド,4
redistributable,リディストリビュ’ータブル,4
redistributing,リディストリビュ’ーティング,4
modifing,モ’ディファイング,4
tutorials,チュート’リアルズ,4
fit,フィ’ット,4
robust,ロ’バスト,4
recognizer,レコグナ’イザー,4
recognizers,レコグナイザ’ーズ,4
asynchronous,アシ’ンクロナス,4
asynchronously,アシ’ンクロナスリー,4
async,アシ’ンク,4
hims,ヒ’ムズ,4
gorilla,ゴ’リラ,4
forza,フォ’ーザ,4
profiler,プロファ’イラー,4
blocker,ブロ’ッカー,4
gutenberg,グーテンベ’ルク,4
installer,インスト’ーラー,4
mercari,メルカリ,4
powershell,パワーシェ’ル,4
spam,スパ’ム,4
生きてる,イ’キテル,4
aborting,アボ’ーティング,4
entombed,エントゥ’ームド,4
kombat,コ’ンバット,4
cyber,サ’イバー,4
jupyter,ジュ’ピター,4
arcade,アーケ’ード,4
admittedly,アドミ’ッテッドリー,4
sim,シ’ム,4
subscriber,サブスクラ’イバー,4
subscribers,サブスクラ’イバーズ,4
normally,ノ’ーマリー,4
entity,エ’ンティティー,4
entities,エ’ンティティーズ,4
normalize,ノーマラ’イズ,4
retrieves,リトリ’ーブズ,4
blog,ブロ’グ,4
cython,サ’イソン,4
cythonize,サ’イソナイズ,4
dependabot,デペンダボ’ット,4
deserialization,デシリアリゼ’ーション,4
deserialize,デシリアラ’イズ,4
deserializer,デシリアラ’イザー,4
diff,ディ’フ,4
django,ジャ’ンゴ,4
enhancement,エンハ’ンスメント,4
enhancements,エンハ’ンスメンツ,4
indentation,インデンテ’ーション,4
initiate,イニティエ’ート,4
jasrac,ジャ’スラック,4
jquery,ジェークエ’リー,4
laravel,ラ’ラベル,4
nslookup,エヌエスルックア’ップ,4
numerical,ニューメ’リカル,4
numericality,ニューメリカ’リティー,4
numpy,ナムパイ,4
panda,パ’ンダ,4
pandas,パ’ンダス,4
router,ル’ーター,4
selenium,セレニ’ウム,4
serialization,シリアライゼ’ーション,4
serialize,シリアラ’イズ,4
serializer,シリアラ’イザー,4
symfony,シ’ンフォニー,4
utils,ユ’ーティルズ,4
verifier,ベ’リファイアー,4
yaml,ヤムル,4
滑舌,カツゼツ,1
被雷,ヒライ,1
phony,フォ’ニー,4
agile,アジャ’イル,4
tactical,タ’クティカル,4
semester,セ’メスター,4
disasemble,ディスアセ’ンブル,4
disasembled,ディスアセ’ンブルド,4
disasembling,ディスアセ’ンブリング,4
disasembler,ディスアセ’ンブラー,4
zapier,ゼ’イピアー,4
snag,スナ’ッグ,4
webex,ウェブエ’ックス,4
cplusplus,シープラスプ’ラス,4
haskell,ハ’スケル,4
morphological,モーフォロ’ジカル,4
printers,プリ’ンターズ,4
volanteer,ボラ’ンティアー,4
volanteers,ボラ’ンティアーズ,4
volanteered,ボラ’ンティアード,4
volanteering,ボラ’ンティアリング,4
vulnerable,バ’ルネラブル,4
macro,マ’クロ,4
macros,マ’クロズ,4
todo,トゥードゥ’ー,4
sorcery,ソ’ーセリー,4
vlookup,ブイルックア’ップ,4
integer,イ’ンテジャー,4
navigate,ナビゲ’ート,4
navigated,ナビゲ’ーティッド,4
navigating,ナビゲ’ーティング,4
navigatable,ナビゲ’ータブル,4
motivate,モティ’ベート,4
motivated,モティ’ベーティッド,4
motivating,モティ’ベーティング,4
diagnose,ダイアグノ’ーズ,4
diagnosed,ダイアグノ’ーズド,4
diagnosing,ダイアグノ’ージング,4
query,クエ’リー,4
queries,クエ’リーズ,4
joinner,ジョ’イナー,4
annotation,アノテ’ーション,4
annotating,アノテ’ーティング,4
annotate,アノテ’ート,4
annotated,アノテ’ーティッド,4
ensure,エンシュ’ア,4
hex,ヘ'ックス,4
blogger,ブロ’ガー,4
netflix,ネットフリ’ックス,4
arkansas,アーカ’ンソー,4
iowa,アイオワ,4
idaho,アイダホ,4
alaska,アラスカ,4
alabama,アラバマ,4
arizona,アリゾナ,4
indiana,インディ’アナ,4
virginia,バージニア,4
oklahoma,オクラ’ホマ,4
ohio,オハ’イオ,4
oregon,オ’レゴン,4
california,カリフォルニア,4
kansas,カ’ンサス,4
kentucky,ケンタ’ッキー,4
connecticut,コネティカ’ット,4
colorado,コロラド,4
carolina,カロラ’イナ,4
dakota,ダ’コタ,4
georgia,ジョ’ージア,4
texas,テ’キサス,4
tennessee,テ’ネシー,4
hampshire,ハ’ンプシャー,4
nevada,ネ’バダ,4
vermont,バ’ーモント,4
hawaii,ハ’ワイ,4
florida,フロリダ,4
pennsylvania,ペンシルベ’ニア,4
massachusetts,マサチューセ’ッツ,4
boston,ボ’ストン,4
mississippi,ミシシ’ッピ,4
missouri,ミズ’ウリ,4
minnesota,ミネソタ,4
maine,メ’イン,4
mary,メ’リー,4
montana,モンタナ,4
utah,ユ’タ,4
louisiana,ルイジアナ,4
rhode,ロ’ード,4
wyoming,ワ’イオミング,4
sacramento,サクラメ’ント,4
denver,デ’ンバー,4
atlanta,アトラ’ンタ,4
manchester,マンチェ’スター,4
modifier,モ’ディファイアー,4
extender,エクステ’ンダー,4
ajax,エイジャ’ックス,4
allocate,アロケ’ート,4
allocated,アロケ’ーティッド,4
analyser,アナラ’イザー,4
analytical,アナ’リティカル,4
analytic,アナ’リティック,4
analytics,アナ’リティクス,4
assassin,アサ’シン,4
attribution,アトリビュ’ーション,4
captcha,キャ’プチャ,4
conditional,コンディ’ショナル,4
conditionally,コンディ’ショナリー,4
delimiter,デリ’ミター,4
deploy,デプロ’イ,4
deployed,デプロ’イド,4
deployment,デプロ’イメント,4
deserializable,デシリアラ’イザブル,4
dimensional,ディメ’ンショナル,4
direct,ダ’イレクト,4
exif,イグジ’フ,4
exim,エ’クシム,4
expiration,エクスピレ’ーション,4
expiry,エクスパ’イアリー,4
feedly,フィ’ードリー,4
grub,グ’ラブ,4
hibernate,ハイバネ’ート,4
hibernated,ハイバネ’ーティッド,4
hibernation,ハイバネ’ーション,4
ino,イ'ノ,4
kaspersky,カスペルス’キー,4
mariadb,マリアディービー,4
milli,ミ’リ,4
modifiers,モ’ディファイアーズ,4
onlineshop,オンラインショ’ップ,4
pacman,パ’ックマン,4
permalink,パーマリ’ンク,4
picker,ピ’ッカー,4
postgre,ポ’ストグル,4
postgresql,ポストグ’レス＿エスキューエ’ル,4
pre,プリ’,4
quatation,クォーテ’ーション,4
reboot,リブ’ート,4
rebooted,リブ’ーティッド,4
rebooting,リブ’ーティング,4
recursion,リカ’ージョン,4
redis,レ’ディス,4
registrar,レジ’ストラー,4
registry,レジ’ストリー,4
reload,リロ’ード,4
reloaded,リロ’ーディッド,4
reorder,リオ’ーダー,4
reordered,リオ’ーダード,4
resolver,リゾ’ルバー,4
restart,リスタ’ート,4
ripper,リ’ッパー,4
rspamd,アールスパムディ’ー,4
screenshot,スクリーンショ’ット,4
screenshots,スクリーンショ’ッツ,4
selector,セレ’クター,4
selectors,セレ’クターズ,4
serializable,シリアラ’イザブル,4
slug,スラ’ッグ,4
sqlite,エスキューラ’イト,4
symlink,シムリ’ンク,4
syslog,シスロ’グ,4
systemctl,システムシーティーエ’ル,4
systemd,システムディ’ー,4
togetter,トゥギャ’ッター,4
tomcat,トムキャ’ット,4
updator,アップデ’ーター,4
vue,ビュ’ー,4
widget,ウィ’ジェット,4
widgets,ウィ’ジェッツ,4
鬼滅の刃,キメツノヤ’イバ,4
荒技,アラワザ,1
事案,じあん,1
全粒粉,ゼンリュ’ーフン,1
物書堂,モノカキ’ドー,4
無理矢理,ムリヤリ,7
beginners,ビギ’ナーズ,4
gadget,ガ’ジェット,4
gadgets,ガ’ジェッツ,4
archiver,アーカ’イバー,4
crypt,クリ’プト,4
cryptography,クリプトグ’ラフィー,4
decorator,デコレ’ーター,4
decorators,デコレ’ーターズ,4
godiva,ゴ’ディバ,4
nvaccess,エヌブイア’クセス,4
photoshop,フォ’トショップ,4
phpunit,ピーエイチピーユ’ニット,4
plala,プ’ララ,4
remotes,リモ’ーツ,4
specifically,スペ’シフィックリー,4
splitter,スプリ’ッター,4
vcruntime,ブイシーランタ’イム,4
vocalizer,ボーカラ’イザー,4
wrapper,ラ’ッパー,4
xserver,エックスサ’ーバー,4
座位,ザ’イ,4
棒棒鶏,バンバ’ンジー,4
麻婆豆腐,マーボード’ーフ,4
expressive,エクスプレ’ッシブ,4
err,イーアールア’ール,4
油淋鶏,ユーリ’ンチー,4
回鍋肉,ホイコ’ーロー,4
summarize,サ’マライズ,4
protobuf,プロトバ’ッフ,4
chocolatey,チョコレ’イティー,4
todoist,トゥードゥイ’スト,4
約定日,ヤクジョ’ービ,1
受渡日,ウケワタシ’ビ,1
activations,アクティベ’ーションズ,4
profile,プロファ’イル,4
abused,アビュ’ーズド,4
significantly,シグニ’フィカントリー,4
deactivations,ディアクティベ’ーションズ,4
goblin,ゴ’ブリン,4
incrementing,インクリメ’ンティング,4
incremented,インクリメ’ンティッド,4
incrementally,インクリメ’ンタリー,4
scans,スキャ’ンズ,4
gradle,グラ’ドル,4
referenced,リ’ファレンスド,4
encampment,エンキャ’ンプメント,4
encampments,エンキャ’ンプメンツ,4
elden,エ’ルデン,4
witcher,ウィ’ッチャー,4
affiliate,あふぃ’りえーと,4
affiliates,アフィリエ’ーツ,4
animate,アニメート,4
animated,アニメ’ーテッド,4
anonymization,アノニミゼ’ーション,4
anonymize,アノニマ’イズ,4
asyncio,アシ’ンク＿アイオ’ー,4
bose,ボ’ーズ,4
cached,キャ’ッシュド,4
caching,キャ’ッシング,4
cancellation,キャンセレ’ーション,4
chunk,チャ’ンク,4
chunked,チャ’ンクト,4
chunking,チャ’ンキング,4
codecs,コーデ’ックス,4
colaboratory,コラボラ’トリー,4
collaborate,コラボレ’ート,4
collaborator,コラボレ’ーター,4
collaboratories,コラボラ’トリーズ,4
collaborators,コラボレ’ーターズ,4
collaboratory,コラボラ’トリー,4
compression,コンプレ’ッション,4
configs,コ’ンフィグズ,4
crypto,クリ’プト,4
daemon,デ’ーモン,4
decompress,デコ’ンプレス,4
decompressed,デコ’ンプレスド,4
decompressing,デコ’ンプレシング,4
decompression,デコンプレ’ッション,4
donate,ドネ’ート,4
donation,ドネ’ーション,4
enhance,エンハ’ンス,4
exploit,エクスプロ’イト,4
exploits,エクスプロ’イツ,4
extractor,エクストラ’クター,4
hasher,ハ’ッシャー,4
ime,アイエムイ’ー,4
impair,インペ’アー,4
impaired,インペ’アード,4
indexer,インデ’クサー,4
invalidate,インバリデ’ート,4
ipaddress,アイピーア’ドレス,4
mastodon,マ’ストドン,4
mixi,ミ’クシー,4
netlify,ネ’トリファイ,4
notation,ノテ’ーション,4
optimizer,オプティマ’イザー,4
optionally,オ’プショナリー,4
paidy,ペ’イディ,4
pandoc,パ’ンドック,4
peek,ピ’ーク,4
resize,リサ’イズ,4
resized,リサ’イズド,4
resizing,リサ’イジング,4
retry,リトラ’イ,4
ryzen,ラ’イゼン,4
scape,スケ’ープ,4
schemas,スキ’ーマズ,4
shokz,ショ’ックス,4
spammable,スパ’マブル,4
spammed,スパ’ムド,4
spammer,スパ’マー,4
spamming,スパ’ミング,4
susie,ス’ージー,4
syncronize,シンクロナ’イズ,4
syncronized,シンクロナ’イズド,4
syncronizer,シンクロナ’イザー,4
syncronizing,シンクロナ’イジング,4
tensor,テ’ンサー,4
transcend,トランセ’ンド,4
unspammable,アンスパ’マブル,4
unspammed,アンスパ’ムド,4
unspamming,アンスパ’ミング,4
validator,バリデ’ーター,4
validity,バリ’ディティー,4
visually,ビ’ジュアリー,4
vorbis,ボ’ービス,4
vulnerabilities,バルネラビ’リティーズ,4
writeable,ラ’イタブル,4
上巻,ジョーカン,1
下巻,ゲカン,1
僅か,ワ’ズカ,1
寧ろ,ム’シロ,7
納車,ノーシャ,1
墨字,すみじ,1
要は,ヨ’ーワ,9
立位,リ’ツイ,1
弄って,イジ’ッテ,1
聾,ロ’ー,1
arduino,アルドゥイ’ーノ,4
detection,ディテ’クション,4
sonos,ソ’ノス,4
spresense,スプレ’ッセンス,4
taspo,タ’スポ,4
花車,キャシャ,1
華奢,キャシャ,1
強い,ツヨ’イ,14
惹く,ヒク,11
手指,シュ’シ,1
知らね,シラネ,1
弄った,イジ’ッタ,1
弄ったり,イジ’ッタリ,4
othello,オ’セロ,4
reversi,リバ’ーシ,4
simulate,シミュレ’ート,4
stringify,ストリ’ンギファイ,4
variant,バ’リアント,4
variants,バ’リアンツ,4
csirt,シ’ーサート,4
psirt,ピ’ーサート,4
wizardry,ウィザ’ードリー,4
auth,オ’ース,4
aborted,アボ’ーティッド,4
aggregataion,アグリゲ’ーション,4
aggregate,アグリゲ’ート,4
aggregated,アグリゲ’ーティッド,4
altair,アル’ティア,4
ansible,ア’ンシブル,4
apps,ア’ップス,4
aques,ア’クエス,4
aquest,ア’クエスト,4
atlassian,アトラシ’アン,4
responder,レスポンダー,4
responders,レスポ’ンダーズ,4
balmuda,バルミュ’ーダ,4
bionic,バ’イオニック,4
capabilities,ケーパビ’リティーズ,4
capability,ケーパビ’リティー,4
citrix,シ’トリックス,4
colocation,コロケ’ーション,4
confluence,コンフル’ーエンス,4
cron,ク’ーロン,4
customizer,カスタマ’イザー,4
debugger,デバ’ッガー,4
decryption,デクリ’プション,4
dell,デ’ル,4
demos,デ’モズ,4
deserializes,デシリアラ’イゼズ,4
dicts,ディ’クツ,4
dnssec,ディーエヌエスセ’ック,4
emotet,エ’モテット,4
encryption,エンクリ’プション,4
filer,ファ’イラー,4
galabo,ギャ’ラボ,4
grep,グレ’ップ,4
handlers,ハ’ンドラーズ,4
hashes,ハ’ッシュズ,4
heros,ヒ’ーローズ,4
inspectable,インスペ’クタブル,4
invoke,インボ’ーク,4
ionic,ア’イオニック,4
ipsec,アイピーセ’ック,4
ipset,アイピーセ’ット,4
ipsets,アイピーセ’ッツ,4
iptables,アイピーテ’ーブブルズ,4
jenkins,ジェ’ンキンス,4
lapis,ラ’ピス,4
localized,ローカラ’イズド,4
logicool,ロジク’ール,4
linode,リノ’ード,4
manually,マ’ニュアリー,4
metric,メ’トリック,4
metrics,メ’トリックス,4
milter,ミ’ルター,4
multiplier,マルチプラ’イヤー,4
nike,ナイキ,4
nttdocomo,エヌティーティード’コモ,4
nugget,ナ’ゲット,4
prepend,プリペ’ンド,4
prepended,プリペ’ンディッド,4
produire,プロ’デル,4
radiru,ラ’ジル,4
redirection,リダイレ’クション,4
redirections,リダイレ’クションズ,4
redirects,リダ’イレクツ,4
renamer,リネ’ーマー,4
reseller,リセ’ラー,4
resellers,リセ’ラーズ,4
responsive,レスポ’ンシブ,4
roslyn,ロ’ズリン,4
scheduler,スケジュ’ーラー,4
seesaa,シ’ーサー,4
sender,セ’ンダー,4
sennheiser,ゼンハ’イザー,4
serializes,シリアラ’イゼズ,4
shader,シェ’ーダー,4
shindanmaker,シンダンメ’ーカー,4
siem,シ’ーム,4
simulated,シミュレ’ーティッド,4
simulating,シミュレ’ーティング,4
singapore,シンガポ’ール,4
snippet,スニペ’ット,4
spamhaus,スパムハ’ウス,4
spammers,スパ’マーズ,4
spammy,スパ’ミー,4
spanner,スパ’ナー,4
splunk,スプラ’ンク,4
starttls,スタートティ’ーエルエス,4
tallies,タ’リーズ,4
tally,タ’リー,4
tuber,チュ’ーバー,4
twittbot,ツイットボ’ット,4
unified,ユ’ニファイド,4
unify,ユ’ニファイ,4
unifying,ユ’ニファイング,4
versioning,バージョニング,4
writable,ラ’イタブル,4
yum,ヤ’ム,4
フォーカス中,フォーカスチュー,4
動物村,ドーブツムラ,4
併売,ヘーバイ,4
麻倉,アサクラ,4
羊羹,ヨ’ーカン,4
理療,リ’リョー,4
里菜,リ’ナ,4
tom,ト’ム,4
amsterdam,アムステ’ルダム,4
angeles,アンジェ’ルス,4
cipher,サ’イファー,4
ciphers,サ’イファーズ,4
creepy,クリ’ーピー,4
dallas,ダ’ラス,4
disclaimer,ディスクレ’イマー,4
disclaimers,ディスクレ’イマーズ,4
emails,イーメ’ールズ,4
engadget,エンガ’ジェット,4
equinix,エクイニ’クス,4
exploitable,エクスプロ’イタブル,4
folders,フォ’ルダーズ,4
gdansk,グダニ’スク,4
gigazine,ギガ’ジン,4
guzzle,ガ’ズル,4
hatenablog,ハテナブ’ログ,4
implicate,インプリケ’ート,4
implicated,インプリケ’ーテッド,4
implicates,インプリケ’ーツ,4
implicating,インプリケ’ーティング,4
implication,インプリケ’ーション,4
implications,インプリケ’ーションズ,4
integers,イ’ンテジャーズ,4
los,ロ’ス,4
luxeritas,ルクセ’リタス,4
metro,メ’トロ,4
monterey,モ’ントレー,4
ndarray,エヌディーア’レイ,4
negligible,ネグリ’ジブル,4
pimple,ピ’ンプル,4
pointers,ポイ’ンターズ,4
poland,ポ’ーランド,4
refund,リファ’ンド,4
refunded,リファ’ンデッド,4
refunding,リファ’ンディング,4
refunds,リファ’ンズ,4
seattle,シ’アトル,4
tweak,トゥウィ’ーク,4
tweaked,トゥウィ’ークド,4
tweaker,トゥウィ’ーカー,4
tweakers,トゥウィ’ーカーズ,4
tweaking,トゥウィ’ーキング,4
tweaks,トゥウィ’ークズ,4
tweaky,トゥウィ’ーキー,4
waive,ウェ’イブ,4
xiaomi,シャ’オミ,4
yandex,ヤンデ’ックス,4
開脚,カイキャク,1
二子玉川,フタコタマ’ガワ,4
abstraction,アブストラ’クション,4
activates,アクティベ’ーツ,4
adaptive,アダプティ’ブ,4
adblock,アドブロ’ック,4
adblocker,アドブロ’ッカー,4
additionally,アディ’ショナリー,4
adguard,アドガ’ード,4
affordable,アフォ’ーダブル,4
align,アラ’イン,4
alignment,アラ’インメント,4
alphabetically,アルファベ’ティカリー,4
ampere,アンペ’ア,4
amperes,アンペ’アズ,4
ampersand,アンパサ’ンド,4
ampersands,アンパサ’ンヅ,4
amplification,アンプリフィケ’ーション,4
amplified,ア’ンプリファイド,4
amplifies,ア’ンプリファイズ,4
amplify,ア’ンプリファイ,4
angular,ア’ンギュラー,4
aniplex,アニプレ’ックス,4
annotations,アノテ’ーションズ,4
annoyance,アノ’イアンス,4
annoyances,アノ’イヤンシズ,4
appending,アペ’ンディング,4
authentical,オーセ’ンティカル,4
authentically,オーセ’ンティカリー,4
authenticity,オーセンティ’シティー,4
authoress,オーソ’リス,4
authoring,オーサリング,4
authorisation,オーソリゼ’ーション,4
authorise,オーソラ’イズ,4
authorising,オーソラ’イジング,4
authoritarian,オーソリタ’リアン,4
authorizer,オーソラ’イザー,4
automations,オートメ’ーションズ,4
avatars,ア’バターズ,4
ballade,バラ’ード,4
bayes,ベ’ーズ,4
behaviors,ビヘ’イビアーズ,4
blender,ブレ’ンダー,4
brotli,ブロ’トリ,4
callable,コ’ーラブル,4
cancelation,キャンセレ’ーション,4
canonical,キャノ’ニカル,4
canonicalization,キャノニカリゼ’ーション,4
canonicalize,キャノニカラ’イズ,4
canonicalized,キャノニカラ’イズド,4
canonically,キャノ’ニカリー,4
changeable,チェ’ンジャブル,4
classifier,クラ’シファイヤー,4
closure,クロ’ージャー,4
collaborated,コラボレ’ーティッド,4
collaborating,コラボレ’ーティング,4
collision,コリ’ジョン,4
compat,コ’ンパット,4
compliant,コンプラ’イアント,4
connectivity,コネクティ’ビティー,4
conpression,コンプレ’ッション,4
coworker,コワ’ーカー,4
coworkers,コワ’ーカーズ,4
customizable,カスタマ’イザブル,4
customization,カスタマイゼ’ーション,4
customizations,カスタマイゼ’ーションズ,4
cythoning,サ’イソニング,4
decentralize,デセントララ’イズ,4
decentralized,デセントララ’イズド,4
decode,デコ’ード,4
decoded,デコ’ーディッド,4
decodes,デコ’ーズ,4
decoding,デコ’ーディング,4
deconpression,デコンプレ’ッション,4
decrypted,デクリ’プティッド,4
decryptor,デクリ’プター,4
deletes,デリ’ーツ,4
deprecate,デプリケ’ート,4
depricated,デプリケ’ーテッド,4
depricates,デプリケ’ーツ,4
depricating,デプリケ’ーティング,4
designates,デシグネ’ーツ,4
diagnostic,ダイアグノ’スティック,4
diagnostics,ダイアグノ’スティックス,4
discogs,ディスコ’グズ,4
discriminated,ディスクリミネ’ーテッド,4
discriminates,ディスクリミネ’ーツ,4
discriminating,ディスクリミネ’ーティング,4
discriminative,ディスクリミネ’ーティブ,4
discriminator,ディスクリミネ’ーター,4
discriminatory,ディスクリミネ’ートリー,4
disposable,ディスポ’ーサブル,4
disqus,ディスカ’ス,4
donates,ドネ’ーツ,4
donating,ドネ’ーティング,4
drastically,ドラ’スティックリー,4
dyna,ダ’イナ,4
elapse,エラ’プス,4
elapsed,エラ’プスド,4
elapses,エラ’プシズ,4
elapsing,エラ’プシング,4
elite,エリ’ート,4
embed,エ’ンベッド,4
embeddable,エ’ンベダブル,4
embedding,エ’ンベディング,4
embeds,エ’ンブズ,4
emulate,エミュレ’ート,4
emulated,エミュレ’ーティッド,4
emulater,エミュレ’ーター,4
emulates,エミュレーツ,4
emulating,エミュレーティング,4
enablement,イネ’ーブルメント,4
enabler,イネ’ーブラー,4
encrypted,エンクリ’プティッド,4
encryptor,エンクリ’プター,4
enhanced,エンハ’ンスド,4
enhancer,エンハ’ンサー,4
enquiries,インクワ’イアリーズ,4
enquiry,インクワ’イアリー,4
enum,イーナム,4
enumeration,エニューメレ’ーション,4
enums,イーナムズ,4
epub,イーパブ,4
exporter,エクスポ’ーター,4
exporters,エクスポ’ーターズ,4
fixit,フィックスイ’ット,4
forgery,フォ’ージェリー,4
fuzzing,ファジング,4
generics,ジェネ’リックス,4
globals,グロ’ーバルズ,4
golang,ゴーラ’ング,4
horizontally,ホリゾ’ンタリー,4
hugo,ヒュ’ーゴ,4
humanitarian,ヒューマニタ’リアン,4
humanitarians,ヒューマニタ’リアンズ,4
ifixit,アイフィックスイ’ット,4
immutable,イミュ’ータブル,4
implementations,インプリメンテ’ーションズ,4
importer,インポ’ーター,4
importers,インポ’ーターズ,4
initially,イニ’シャリー,4
inject,イ’ンジェクト,4
injectable,インジェ’クタブル,4
injected,インジェクティ’ッド,4
injecting,インジェ’クティング,4
injects,イ’ンジェクツ,4
instantiate,インスタンティ’エート,4
instantiating,インスタンティエ’ーティング,4
instantiation,インスタンティエ’ーション,4
integrations,インテグレ’ーションズ,4
intelli,インテリ,4
internally,インタ’ーナリー,4
invoked,インボ’ークド,4
invokes,インボ’ークズ,4
invoking,インボ’ーキング,4
jabra,ジャ’ブラ,4
libre,リ’ブレ,4
locally,ロ’ーカリー,4
logitec,ロ’ジテック,4
maintainer,メンテナー,4
maintainers,メンテナーズ,4
malvertising,マルバタ’イジング,4
malware,マルウェ’ア,4
malwares,マルウェ’アズ,4
mandatory,マ’ンダトリー,4
manipulable,マニピュ’ラブル,4
manipulate,マニピュレ’ート,4
manipulated,マニピュレ’ーティッド,4
manipulates,マニピュレ’ーツ,4
manipulating,マニピュレ’ーティング,4
manipulative,マニピュレ’ーティブ,4
mapper,マ’ッパー,4
messaging,メッセージング,4
metas,メ’タズ,4
migration,マイグレ’ーション,4
mime,マ’イム,4
mis,ミ’ス,4
mitigate,ミティゲ’ート,4
mitigated,ミティゲ’ーテッド,4
mitigates,ミティゲ’ーツ,4
mitigating,ミティゲ’ーティング,4
monogatary,モノガ’タリー,4
mutable,ミュ’ータブル,4
normalized,ノーマラ’イズド,4
normalizer,ノーマラ’イザー,4
notetaker,ノートテ’ーカー,4
numerics,ニューメ’リックス,4
originator,オリジネ’ーター,4
packagist,パッケージ’スト,4
paginate,ペ’ージネート,4
pagination,ペ’ージネーション,4
palette,パ’レット,4
palettes,パ’レッツ,4
params,パ’ラムズ,4
paranoid,パ’ラノイド,4
paranoids,パ’ラノイズ,4
partials,パ’ーシャルズ,4
periodically,ピリオ’ディカリー,4
perma,パ’ーマ,4
personalization,パーソナライゼ’ーション,4
personalize,パーソナラ’イズ,4
phishing,フィッシング,4
pinterest,ピ’ンタレスト,4
pixels,ピ’クセルズ,4
pixiv,ピ’クシブ,4
planetary,プラ’ネタリー,4
plextalk,プレクスト’ーク,4
popper,ポ’ッパー,4
posix,ポシ’ックス,4
precedence,プレ’セデンス,4
primer,プラ’イマー,4
printable,プリ’ンタブル,4
prioritize,プリオリタ’イズ,4
prioritizing,プリオリタ’イジング,4
publishable,パ’ブリシャブル,4
qrio,キュ’リオ,4
quadrant,クオ’ドラント,4
quadrants,クオ’ドランツ,4
querying,クエ’リング,4
queued,キュ’ード,4
queueing,キュ’ーイング,4
queuing,キュ’ーイング,4
quocard,クオカ’ード,4
quoカード,クオカ’ード,4
qwerty,クワ’ーティー,4
reactivate,リアクティベ’ート,4
reactivated,リアクティベ’ーティッド,4
reactivates,リアクティベ’ーツ,4
reactivating,リアクティベ’ーティング,4
reactive,リア’クティブ,4
recognizable,レコグナ’イザブル,4
reconfigure,リコンフィ’ギュア,4
recruitment,リクル’ートメント,4
redact,リダ’クト,4
redacted,リダ’クテッド,4
redacting,リダ’クティング,4
redacts,リダ’クツ,4
redirector,リダ’イレクター,4
redirectors,リダ’イレクターズ,4
redownload,リダウンロ’ード,4
redraw,リドロ’ー,4
referencing,リ’ファレンシング,4
reformat,リフォ’ーマット,4
reformatted,リフォ’ーマッテッド,4
reformatting,リフォ’ーマッティング,4
refundable,リファ’ンダブル,4
regenerate,リジェネレ’ート,4
regionally,リ’ージョナリー,4
regist,レジ’スト,4
registed,レジ’スティッド,4
registeration,レジストレ’ーション,4
registrant,レジ’ストラント,4
reloading,リロ’ーディング,4
reloads,リロ’ーズ,4
reminders,リマ’インダーズ,4
renamed,リネ’ームド,4
renames,リネ’ームズ,4
renaming,リネ’ーミング,4
renderer,レ’ンダラー,4
reopen,リオ’ープン,4
reopened,リオ’ープンド,4
reopening,リオ’ープニング,4
reopens,リオ’ープンズ,4
resumable,リシュ’ーマブル,4
retina,レティナ,4
reusable,リユ’ーザブル,4
revision,リビ’ジョン,4
revisions,リビ’ジョンズ,4
roland,ロ’ーランド,4
scriptable,スクリ’プタブル,4
selective,セレ’クティブ,4
shazam,シャ’ザム,4
shopify,ショ’ピファイ,4
sierra,シ’エラ,4
simplified,シ’ンプリファイド,4
simplifies,シ’ンプリファイズ,4
simplify,シ’ンプリファイ,4
simplifying,シ’ンプリファイング,4
specifying,スペ’シファイング,4
statistic,スタティ’スティック,4
symantec,シマンテ’ック,4
symmetric,シンメ’トリック,4
asymmetric,アシンメ’トリック,4
termination,タ’ーミネーション,4
timespan,タイムスパ’ン,4
tokenize,ト’ークナイズ,4
tokenizer,トークナ’イザー,4
tribal,トラ’イバル,4
tumblr,タ’ンブラー,4
tweese,トゥウィ’ーズ,4
tinder,ティ’ンダー,4
typically,ティ’ピカリー,4
uncompliant,アンコンプラ’イアント,4
unencrypted,アンエンクリ’プティッド,4
validated,バリデ’ーティッド,4
validates,バリデ’ーツ,4
validating,バリデ’ーティング,4
validations,バリデ’ーションズ,4
validators,バリデ’ーターズ,4
vegas,ベ’ガス,4
virtualization,バーチャリゼ’ーション,4
voicepopper,ボイスポ’ッパー,4
voicevox,ボイスボ’ックス,4
vulkan,バ’ルカン,4
webinar,ウェビナー,4
weblio,ウェブ’リオ,4
wordle,ワ’ードル,4
xcode,エックスコ’ード,4
yubikey,ユビ’キー,4
zabbix,ザビ’ックス,4
zilla,ジ’ラ,4
或る日,ア’ルヒ,4
虚ろ,ウツロ,4
最安,サイヤス,1
侵襲,シンシュー,1
侵襲性,シンシューセイ,1
親オブジェクト,オヤオ’ブジェクト,1
水瀬,ミ’ナセ,1
前澤,マエザワ,1
貯まる,タマル,1
直杖,チョクジョー,1
東プレ,トープレ,4
灯台下暗し,トーダイモトクラ’シ,1
未可子,ミ’カコ,4
友作,ユーサク,4
立膝,タチヒザ,1
anaconda,アナコ’ンダ,4
deploying,デプロ’イング,4
dimensity,ディメ’ンシティー,4
donations,ドネ’ーションズ,4
immutability,イミュータビ’リティー,4
matroska,マトロ’スカ,4
metaps,メタ’ップス,4
recharge,リチャ’ージ,4
rechargeable,リチャ’ージャブル,4
recharged,リチャ’ージド,4
recharges,リチャ’ージズ,4
recharging,リチャ’ージング,4
replicate,レプリケ’ート,4
replicated,レプリケ’ーティッド,4
replicates,リプリケ’ーツ,4
replicating,リプリケ’ーティング,4
transparency,トランスパ’レンシー,4
かっぱ寿司,カッパ’ズシ,4
くら寿司,クラズシ,4
edy,エ’ディー,4
お得,オトク,1
hexa,ヘ’クサ,4
truncate,トランケ’ート,4
truncated,トランケ’ーティッド,4
truncates,トランケ’ーツ,4
truncating,トランケ’ーティング,4
enqueue,エンキュ’ー,4
enqueued,エンキュ’ード,4
dequeue,デキュ’ー,4
dequeued,デキュ’ード,4
veyor,ベ’ーヤー,4
iphone,アイフォ’ーン,4
complexity,コンプレ’クシティー,4
rspec,アールスペ’ック,4
batches,バ’ッチズ,4
advent,ア’ドベント,4
algorithms,アルゴリ’ズムズ,4
aliases,エ’イリアスズ,4
aligned,アラ’インド,4
ameblo,アメブロ,4
archiving,アーカ’イビング,4
assistive,ア’システィブ,4
authentification,オーセンティフィケ’ーション,4
awareness,アウェ’アネス,4
basically,ベーシカリー,4
bing,ビ’ング,4
bravia,ブラ’ビア,4
capitalization,キャピタリゼ’ーション,4
capitalize,キャピタラ’イズ,4
capitalized,キャピタラ’イズド,4
capitalizes,キャピタラ’イゼズ,4
capitalizing,キャピタラ’イジング,4
cassiopeia,カシオペア,4
certify,サ’ーティファイ,4
collabora,コラボラ,4
compilation,コンピレ’ーション,4
composable,コンポ’ーザブル,4
contentful,コ’ンテントフル,4
cryptographically,クリプトグ’ラフィカリー,4
cypac,サ’イパック,4
defraggler,デフラグラー,4
deliverability,デリバラビ’リティー,4
dereference,デリ’ファレンス,4
dereferencing,デリ’ファレンシング,4
descriptor,デスクリ’プター,4
designation,デシグネ’ーション,4
digitally,デ’ジタリー,4
donnell,ド’ネル,4
duplication,デュプリケ’ーション,4
editable,エ’ディタブル,4
encrypting,エンクリ’プティング,4
encrypts,エンクリ’プツ,4
environ,エンバ’イロン,4
eventer,イベ’ンター,4
extraction,エクストラ’クション,4
focusable,フォ’ーカサブル,4
forecaster,フォアキャ’スター,4
gecko,ゲッコー,4
generates,ジェネレ’ーツ,4
guzzlehttp,ガ’ズル＿エイチティーティーピ’ー,4
haptic,ハ’プティック,4
haptics,ハ’プティクス,4
hilight,ハイラ’イト,4
htaccess,エイチティーア’クセス,4
identifiers,アイデ’ンティファイヤーズ,4
iis,アイアイエ’ス,4
implode,インプロ’ード,4
inaccuracies,インア’キュラシーズ,4
installatron,インスタラト’ロン,4
intentionally,インテ’ンショナリー,4
internationalized,インターナショナラ’イズド,4
jekyll,ジェ’キル,4
koala,コ’アラ,4
koalas,コ’アラズ,4
latency,レ’イテンシー,4
logically,ロ’ジカリー,4
logitech,ロ’ジテック,4
louis,ル’イ,4
maartin,マ’ーティン,4
macintosh,マッキント’ッシュ,4
magnifier,マ’グニファイアー,4
magsafe,マグセ’ーフ,4
malvertisement,マルバタ’イズメント,4
manhattan,マンハ’ッタン,4
martin,マ’ーティン,4
mathjax,マスジャ’ックス,4
mery,メ’リー,4
modals,モ’ーダルズ,4
moderation,モデレ’ーション,4
modulator,モジュレ’ーター,4
modulators,モジュレ’ーターズ,4
multilingual,マルチリ’ンガル,4
mynavi,マイナビ,4
nasne,ナ’スネ,4
notifies,ノ’ーティファイズ,4
nuget,ニューゲ’ット,4
numerically,ニューメ’リカリー,4
nuxt,ナ’クスト,4
oceania,オセアニア,4
optimizes,オプティマ’イゼズ,4
packager,パッケ’ージャー,4
pager,ペ’ージャー,4
parmanent,パ’ーマネント,4
peatix,ピ’ーティックス,4
peripheral,ペ’リフェラル,4
peripherals,ペ’リフェラルズ,4
pip,ピ’ップ,4
pixela,ピクセラ,4
plesk,プレ’スク,4
positional,ポジ’ショナル,4
propagates,プロパゲ’ーツ,4
propagation,プロパゲ’ーション,4
punycode,ピュニコ’ード,4
qualcomm,クア’ルコム,4
queried,クエ’リード,4
rayn,レ’イン,4
reconnect,リコ’ネクト,4
reddit,レディ’ット,4
referer,リ’ファラー,4
referral,リ’ファラル,4
referrer,リ’ファラー,4
reformated,リフォ’ーマッテッド,4
refreshable,リフレ’シャブル,4
regenerated,リジェネレ’ーテッド,4
regenerates,リジェネレ’ーツ,4
regenerating,リジェネレ’ーティング,4
regeneration,リジェネレ’ーション,4
regression,リグレ’ッション,4
repos,リ’ポズ,4
reprompt,リプロ’ンプト,4
restarted,リスタ’ーティッド,4
restarting,リスタ’ーティング,4
restarts,リスタ’ーツ,4
retention,リテ’ンション,4
retweeting,リツイ’ーティング,4
revalidate,リバリデ’ート,4
reverie,レ’ベリー,4
reveries,レ’ベリーズ,4
revocable,リボ’ーカブル,4
revocation,リボケ’ーション,4
revoke,リボ’ーク,4
revoked,リボ’ークド,4
revoker,リボ’ーカー,4
revoking,リボ’ーキング,4
rine,ラ’イン,4
routers,ル’ーターズ,4
shortener,ショ’ートナー,4
sieve,シ’ーブ,4
similarities,シミラ’リティーズ,4
similarity,シミラ’リティー,4
slider,スライダー,4
smime,エスマ’イム,4
snippets,スニ’ペッツ,4
snipping,スニ’ッピング,4
softaculous,ソフトア’キュラス,4
softs,ソ’フツ,4
solaris,ソ’ラリス,4
solitaire,ソリ’ティア,4
specialties,スペ’シャルティーズ,4
specialty,スペ’シャルティー,4
spigen,スピ’ゲン,4
synthizer,シンサ’イザー,4
technic,テ’クニック,4
technically,テク’ニカリー,4
telemetry,テ’レメトリー,4
templates,テンプレ’ーツ,4
tether,テ’ザー,4
tethered,テ’ザード,4
tethering,テ’ザリング,4
tethers,テ’ザーズ,4
timidity,ティミ’ディティー,4
trackings,トラ’ッキングス,4
trello,ト’レロ,4
trident,トラ’イデント,4
tweeter,ツイ’ーター,4
unification,ユニフィケ’ーション,4
unifies,ユ’ニファイズ,4
uniquely,ユニ’ークリー,4
verbose,バ’ーボーズ,4
vercel,バ’ーセル,4
vertically,バ’ーティカリー,4
visualizer,ビジュアラ’イザー,4
wappalyzer,ワッパラ’イザー,4
からだ巡茶,カラダメグリ’チャ,4
ゆる募,ユルボ,4
引っ剥がす,ヒッペガ’ス,4
開き波括弧,ヒラキナミカ’ッコ,4
緩募,ユルボ,4
空行,クーギョー,4
結衣,ユ’イ,4
最速な,サイソクナ,4
持ち出し中,モチダシチュー,4
上面,ジョーメン,1
新潮,シンチョー,1
親フォルダ,オヤフォ’ルダ,1
数値型,スーチガタ,1
生茶,ナマ’チャ,4
爽健美茶,ソーケンビ’チャ,4
二重山括弧,ニジューヤマカ’ッコ,1
微か,か’すか,4
米粉,コメコ,1
appended,アペ’ンディッド,4
appends,アペ’ンズ,4
babel,バ’ベル,4
chars,チャ’ーズ,4
cname,シーネ’ーム,4
consecutive,コンセ’キュティブ,4
cranberries,クラ’ンベリーズ,4
cranberry,クラ’ンベリー,4
deprecates,デプリケ’ーツ,4
deprecating,デプレケ’ーティング,4
disables,ディセ’ーブルズ,4
drupal,ドゥル’ーパル,4
dynamically,ダイナ’ミカリー,4
expertise,エクスパティ’ーズ,4
expertize,エクスパータ’イズ,4
expires,エクスパ’イアーズ,4
extention,エクステ’ンション,4
gitea,ギ’ッティー,4
jane,ジェ’ーン,4
joseph,ジョ’セフ,4
kee,キ’ー,4
keepass,キーパ’ス,4
kerberos,ケルベ’ロス,4
migrations,マイグレ’ーションズ,4
octet,オ’クテット,4
optimizations,オプティミゼ’ーションズ,4
parsedown,パースダ’ウン,4
parsers,パ’ーサーズ,4
parses,パ’ースズ,4
participant,パーティ’シパント,4
participants,パーティ’シパンツ,4
polyfill,ポリフィ’ル,4
potentially,ポテ’ンシャリー,4
proxied,プロ’キシード,4
proxies,プロ’キシーズ,4
registries,レジ’ストリーズ,4
rejection,リジェ’クション,4
renderers,レ’ンダラーズ,4
scaleable,スケ’ーラブル,4
smarty,スマ’ーティー,4
styli,スタ’イリー,4
stylus,スタ’イラス,4
styluses,スタ’イラスズ,4
trackers,トラ’ッカーズ,4
transitioning,トランジ’ショニング,4
親ドメイン,オヤドメ’イン,1
親ページ,オヤペ’ージ,1
iii,スリ’ー,4
nil,ニ’ル,4
ymobile,ワイモバ’イル,4
emobile,イーモバ’イル,4
circleci,サークルシーア’イ,4
upsert,アップサ’ート,4
vshard,ブイシャ’ード,4
shard,シャ’ード,4
sharding,シャ’ーディング,4
transitioned,トランジ’ションド,4
未割り当て,ミワ’リアテ,4
pact,パ’クト,4
redux,リダ’ックス,4
authn,オースエ’ヌ,4
authz,オースゼ’ット,4
assigner,アサ’イナー,4
puma,ピュ’ーマ,4
penguin,ペンギン,4
rubocop,ルーボコ’ップ,4
caller,コ’ーラー,4
sentry,セ’ントリー,4
graphql,グラフキューエ’ル,4
flaky,フレ’イキー,4
deployments,デプロ’イメンツ,4
serializers,シリアラ’イザーズ,4
munchkin,マンチ’キン,4
obsolete,オブソリ’ート,4
icon,ア’イコン,4
triage,トリア’ージ,4
vanilla,バ’ニラ,4
unmuted,アンミュ’ーティッド,4
bundler,バンドラー,4
voldemort,ボルデモ’ート,4
kriss,ク’リス,4
accredit,アクレ’ディット,4
accredited,アクレデ’ィティッド,4
accrediting,アクレ’ディティング,4
accredits,アクレ’ディッツ,4
cpanel,シーパ’ネル,4
geek,ギ’ーク,4
improperly,インプロ’パリー,4
millennials,ミレ’ニアルズ,4
obfuscate,オブファスケ’ート,4
obfuscated,オブファスケ’ーテッド,4
obfuscates,オブファスケ’ーツ,4
obfuscating,オブファスケ’ーティング,4
obviously,オ’ビアスリー,4
purifier,ピュリファ’イアー,4
purifiers,ピュリファ’イアーズ,4
remotely,リモ’ートリー,4
reviewer,レ’ビュワー,4
reviewers,レ’ビュワーズ,4
sealer,シ’ーラー,4
sealers,シ’ーラーズ,4
virtualmin,バーチャルミ’ン,4
webmin,ウェブミ’ン,4
alipay,アリペ’イ,4
behringer,ベリ’ンガー,4
dictaphone,ディクタ’フォン,4
dovecot,ドベコ’ット,4
ducker,ダ’ッカー,4
flanger,フラ’ンジャー,4
interop,イ’ンテロップ,4
interpolate,インターポレ’ート,4
interpolated,インターポレ’ーティッド,4
interpolates,インターポレ’ーツ,4
interpolating,インターポレ’ーティング,4
interpolation,インターポレ’ーション,4
loudness,ラ’ウドネス,4
math,マ’ス,4
mechanize,メカナ’イズ,4
minna,ミ’ンナ,4
phoneme,フォニ’ーム,4
preferably,プレ’ファラブリー,4
rachel,レ’イチェル,4
resample,リサ’ンプル,4
resampled,リサ’ンプルド,4
resampler,リサ’ンプラー,4
resamples,リサ’ンプルズ,4
resampling,リサ’ンプリング,4
sectigo,セクティゴ,4
senders,セ’ンダーズ,4
steinberg,スタインバ’ーグ,4
synchronisation,シンクロニゼ’ーション,4
synchronization,シンクロニゼ’ーション,4
ublock,ユーブロ’ック,4
ukraine,ウクラ’イナ,4
utilisation,ユーティライゼ’ーション,4
utilise,ユーティラ’イズ,4
utilises,ユーティラ’イゼズ,4
utilising,ユーティラ’イジング,4
utilitarian,ユーティリタ’リアン,4
utilization,ユーティリゼ’ーション,4
蒲団,フトン,1
高安定性,コーアンテ’イセイ,4
上カーソル,ウエカ’ーソル,4
上矢印,ウエヤジ’ルシ,4
清華,セ’イカ,4
banshee,バ’ンシー,4
blogs,ブロ’グズ,4
cacert,シーエーサ’ート,4
evaluate,エバリュエ’ート,4
evaluated,エバリュエ’ーティッド,4
evaluates,エバリュエ’ーツ,4
evaluating,エバリュエ’ーティング,4
evaluator,エバリュエ’ーター,4
metronome,メトロノ’ーム,4
reevaluation,リエバリュエ’ーション,4
retries,リトラ’イズ,4
retriever,リトリ’ーバー,4
retrieving,リトリ’ービング,4
revalidated,リバリデ’ーティッド,4
revalidating,リバリデ’ーティング,4
webinars,ウェ’ビナーズ,4
aligning,アラ’イニング,4
blogging,ブロ’ギング,4
bootable,ブ’ータブル,4
checkable,チェ’ッカブル,4
cisco,シ’スコ,4
configurable,コンフィ’ギュラブル,4
crucial,クル’ーシャル,4
deepl,ディープエ’ル,4
directive,ディレ’クティブ,4
droid,ドロ’イド,4
efficiently,エフィ’シェントリー,4
egress,イ’グレス,4
extentions,エクステ’ンションズ,4
flickr,フリ’ッカー,4
instantiator,インスタンティエ’ーター,4
integrity,インテ’グリティー,4
irfan,イ’ルファン,4
janetter,ジャネ’ッター,4
makensis,メ’ーク＿エヌエスアイエス,4
makensisw,メーク＿エヌエスアイエスダ’ブリュー,4
merchantability,マーチャンタビ’リティー,4
minification,ミニフィケ’ーション,4
minified,ミ’ニファイド,4
minifies,ミ’ニファイズ,4
minify,ミ’ニファイ,4
minifying,ミ’ニファイング,4
numlock,ナムロ’ック,4
numpad,ナムパ’ッド,4
populate,ポピュレ’ート,4
populated,ポピュレ’ーティッド,4
populates,ポピュレ’ーツ,4
populating,ポピュレ’ーティング,4
prerequisite,プリレクイシ’ット,4
prerequisites,プリレクイシ’ッツ,4
progression,プログレ’ッション,4
progressions,プログレ’ッションズ,4
promos,プロ’モズ,4
reachable,リ’ーチャブル,4
rebuild,リビ’ルド,4
rebuilds,リビ’ルズ,4
rebuilt,リビ’ルト,4
recode,レコ’ード,4
recoding,レコ’ーディング,4
recognisable,レコグナ’イザブル,4
recognises,レコグナ’イジズ,4
recoverable,リカ’バラブル,4
redaction,リダ’クション,4
replication,レプリケ’ーション,4
sanitization,サニタイゼ’ーション,4
seekable,シ’ーカブル,4
selectable,セレ’クタブル,4
startmenu,スタートメ’ニュー,4
strapper,ストラ’ッパー,4
sumatra,スマトラ,4
synthesise,シンセサ’イズ,4
synthesising,シンセサ’イジング,4
synthesize,シンセサ’イズ,4
synthesizing,シンセサ’イジング,4
synthetically,シンセ’ティカリー,4
systray,シストレ’イ,4
templating,テンプレ’ーティング,4
unreachable,アンリ’ーチャブル,4
warranty,ワ’ランティー,4
水餃子,スイギョ’ーザ,1
頂戴,チョーダイ,4
日視連,ニチシレン,4
白身魚,シロミザ’カナ,1
赤魚,アカザ’カナ,1
保湿,ホシツ,1
左中括弧,ヒダリチューカ’ッコ,4
nvidia,エヌビ’ディア,4
reviewee,レビュ’イー,4
existent,イグジ’ステント,4
tsconfig,ティーエスコ’ンフィグ,4
mal,マ’ル,4
scrum,スク’ラム,4
digitalization,ディジタライゼ’ーション,4
digitalize,ディジタラ’イズ,4
digitalized,ディジタラ’イズド,4
digitalizes,ディジタラ’イジズ,4
ingress,イ’ングレス,4
regressions,リグレ’ッションズ,4
remix,リミ’ックス,4
renews,リニュ’ーズ,4
spoof,スプ’ーフ,4
spoofing,スプ’ーフィング,4
stats,スタ’ッツ,4
toggles,ト’グルズ,4
toggler,ト’グラー,4
versioned,バ’ージョンド,4
親テーマ,オヤテ’ーマ,4
大葉,オオ’バ,4
emoticon,エモ’ーティコン,4
emoticons,エモ’ーティコンズ,4
晴眼,セイガン’,4
palabra,パラブラ,4
curry,カ’リー,4
経年,ケイネン’,4
竜田,タ’ツタ,4
paginator,ページネ’ーター,4
paginating,ページネ’ーティング,4
重要度,ジューヨ’ード,4
minifier,ミ’ニファイアー,4
minifiers,ミ’ニファイアーズ,4
finalize,ファイナラ’イズ,4
usen,ユ’ーセン,4
dwango,ドワ’ンゴ,4
spoofs,スプ’ーフズ,4
spoofed,スプ’ーフド,4
kinesis,キ’ネシス,4
spawn,スポ’ーン,4
spawns,スポ’ーンズ,4
spawned,スポ’ーンド,4
spawning,スポ’ーニング,4
respawn,リスポ’ーン,4
respawns,リスポ’ーンズ,4
respawning,リスポ’ーニング,4
respawned,リスポ’ーンド,4
cert,サ’ート,4
deactivates,ディアクティベ’ーツ,4
philips,フィ’リップス,4
philip,フィ’リップ,4
abusive,アビュ’ーシブ,4
cancellations,キャンセレ’ーションズ,4
consistently,コンシ’ステントリー,4
deceptive,ディセ’プティブ,4
ecommerce,イーコマ’ース,4
functional,ファ’ンクショナル,4
incidental,インシデ’ンタル,4
intervention,インターベ’ンション,4
interventions,インターベ’ンションズ,4
resell,リセ’ル,4
reselling,リセ’リング,4
resells,リセ’ルズ,4
resold,リソ’ールド,4
tolerate,ト’レレート,4
tolerated,ト’レレーティッド,4
tolerates,ト’レレーツ,4
tolerating,ト’レレーティング,4
quanta,クア’ンタ,4
quantum,クア’ンタム,4
emit,エミ’ット,4
emits,エミ’ッツ,4
emitted,エミ’ッティド,4
emitting,エミ’ッティング,4
emitter,エミ’ッター,4
authored,オ’ーサード,4
miscellaneous,ミセレ’ーニアス,4
energy,エ’ナジー,4
presenter,プレゼ’ンター,4
api,エーピーア’イ,4
findy,ファ’インディー,4
re,リ,4
promo,プロ’モ,4
navitime,ナビタ’イム,4
sourced,ソ’ースド,4
certs,サ’ーツ,4
腱鞘炎,ケンショーエン,4
菜っ葉,ナ’ッパ,4
adidas,ア’ディダス,4
applet,アプレ’ット,4
applets,アプレ’ッツ,4
collation,コレ’ーション,4
collations,コレ’ーションズ,4
elecom,エ’レコム,4
polaris,ポ'ラリス,4
読込中,ヨミコミチュー’,4
hollywood,ハ’リウッド,4
affiliation,アフィリエ’ーション,4
yamory,ヤ’モリー,4
diversity,ダイバ’ーシティー,4
ensured,エンシュ’アド,4
ensures,エンシュ’アズ,4
ensuring,エンシュ’アリング,4
synology,シノ’ロジー,4
諸届け,ショト’ドケ,4
belkin,ベルキン,4
jason,ジェ’イソン,4
jackson,ジャ’クソン,4
此処,ココ’,4
sumire,スミレ,4
releaser,リリ’ーサー,4
suggestive,サジェ’スティブ,4
曝露,バ’クロ,1
ばく露,バ’クロ,1
figma,フィ’グマ,4
scalability,スケーラビ’リティー,4
innovate,イノベ’ート,4
innovative,イノベ’ーティブ,4
tier,ティ’アー,4
granularity,グラニュラ’リティー,4
fledge,フレ’ッジ,4
fledged,フレ’ッジド,4
consistency,コンシ’ステンシー,4
inconsistency,インコンシ’ステンシー,4
irrespective,イレ’スペクティブ,4
splatoon,スプラトゥ’ーン,4
